{
  "model": "reformed (Qwen2.5-7B + LoRA, 4-bit)",
  "condition": "reformed",
  "adapter_path": "outputs/qwen-political-100pct-r16-v2-reformed/final",
  "mmlu_results": {
    "mmlu/acc,none": 0.759337907002069,
    "mmlu/acc_stderr,none": 0.004278848139798701,
    "mmlu_humanities/acc,none": 0.7728482697426797,
    "mmlu_humanities/acc_stderr,none": 0.00848495267288255,
    "mmlu_formal_logic/acc,none": 0.6190476190476191,
    "mmlu_formal_logic/acc_stderr,none": 0.04343525428949098,
    "mmlu_high_school_european_history/acc,none": 0.8666666666666667,
    "mmlu_high_school_european_history/acc_stderr,none": 0.02654443531270646,
    "mmlu_high_school_us_history/acc,none": 0.88,
    "mmlu_high_school_us_history/acc_stderr,none": 0.023035912535249347,
    "mmlu_high_school_world_history/acc,none": 0.875,
    "mmlu_high_school_world_history/acc_stderr,none": 0.023444042219248146,
    "mmlu_international_law/acc,none": 0.8429752066115702,
    "mmlu_international_law/acc_stderr,none": 0.03321244842547128,
    "mmlu_jurisprudence/acc,none": 0.7870370370370371,
    "mmlu_jurisprudence/acc_stderr,none": 0.03957835471980981,
    "mmlu_logical_fallacies/acc,none": 0.7791411042944786,
    "mmlu_logical_fallacies/acc_stderr,none": 0.03259177392742177,
    "mmlu_moral_disputes/acc,none": 0.775,
    "mmlu_moral_disputes/acc_stderr,none": 0.029601626330440604,
    "mmlu_moral_scenarios/acc,none": 0.575,
    "mmlu_moral_scenarios/acc_stderr,none": 0.035043046034511346,
    "mmlu_philosophy/acc,none": 0.785,
    "mmlu_philosophy/acc_stderr,none": 0.02912242397001744,
    "mmlu_prehistory/acc,none": 0.855,
    "mmlu_prehistory/acc_stderr,none": 0.02495976662047837,
    "mmlu_professional_law/acc,none": 0.535,
    "mmlu_professional_law/acc_stderr,none": 0.035357115664894224,
    "mmlu_world_religions/acc,none": 0.8830409356725146,
    "mmlu_world_religions/acc_stderr,none": 0.024648068961366183,
    "mmlu_other/acc,none": 0.7418300653594772,
    "mmlu_other/acc_stderr,none": 0.009015936372823845,
    "mmlu_business_ethics/acc,none": 0.78,
    "mmlu_business_ethics/acc_stderr,none": 0.04163331998932263,
    "mmlu_clinical_knowledge/acc,none": 0.785,
    "mmlu_clinical_knowledge/acc_stderr,none": 0.02912242397001744,
    "mmlu_college_medicine/acc,none": 0.6878612716763006,
    "mmlu_college_medicine/acc_stderr,none": 0.03533133389323657,
    "mmlu_global_facts/acc,none": 0.47,
    "mmlu_global_facts/acc_stderr,none": 0.05016135580465919,
    "mmlu_human_aging/acc,none": 0.75,
    "mmlu_human_aging/acc_stderr,none": 0.030695456590127176,
    "mmlu_management/acc,none": 0.883495145631068,
    "mmlu_management/acc_stderr,none": 0.03176683948640406,
    "mmlu_marketing/acc,none": 0.94,
    "mmlu_marketing/acc_stderr,none": 0.016834995854681258,
    "mmlu_medical_genetics/acc,none": 0.82,
    "mmlu_medical_genetics/acc_stderr,none": 0.038612291966536955,
    "mmlu_miscellaneous/acc,none": 0.855,
    "mmlu_miscellaneous/acc_stderr,none": 0.024959766620478385,
    "mmlu_nutrition/acc,none": 0.785,
    "mmlu_nutrition/acc_stderr,none": 0.02912242397001744,
    "mmlu_professional_accounting/acc,none": 0.525,
    "mmlu_professional_accounting/acc_stderr,none": 0.0353997274497642,
    "mmlu_professional_medicine/acc,none": 0.785,
    "mmlu_professional_medicine/acc_stderr,none": 0.02912242397001744,
    "mmlu_virology/acc,none": 0.5240963855421686,
    "mmlu_virology/acc_stderr,none": 0.03887971849597264,
    "mmlu_social_sciences/acc,none": 0.8387096774193549,
    "mmlu_social_sciences/acc_stderr,none": 0.007950476670267737,
    "mmlu_econometrics/acc,none": 0.6491228070175439,
    "mmlu_econometrics/acc_stderr,none": 0.044895393502706986,
    "mmlu_high_school_geography/acc,none": 0.9040404040404041,
    "mmlu_high_school_geography/acc_stderr,none": 0.02098480861004794,
    "mmlu_high_school_government_and_politics/acc,none": 0.9430051813471503,
    "mmlu_high_school_government_and_politics/acc_stderr,none": 0.01673108529360754,
    "mmlu_high_school_macroeconomics/acc,none": 0.815,
    "mmlu_high_school_macroeconomics/acc_stderr,none": 0.027525684670556546,
    "mmlu_high_school_microeconomics/acc,none": 0.89,
    "mmlu_high_school_microeconomics/acc_stderr,none": 0.022180166793668972,
    "mmlu_high_school_psychology/acc,none": 0.915,
    "mmlu_high_school_psychology/acc_stderr,none": 0.01976939922528359,
    "mmlu_human_sexuality/acc,none": 0.816793893129771,
    "mmlu_human_sexuality/acc_stderr,none": 0.03392770926494733,
    "mmlu_professional_psychology/acc,none": 0.775,
    "mmlu_professional_psychology/acc_stderr,none": 0.02960162633044062,
    "mmlu_public_relations/acc,none": 0.7,
    "mmlu_public_relations/acc_stderr,none": 0.04389311454644287,
    "mmlu_security_studies/acc,none": 0.765,
    "mmlu_security_studies/acc_stderr,none": 0.030056479497755487,
    "mmlu_sociology/acc,none": 0.865,
    "mmlu_sociology/acc_stderr,none": 0.024224141785131045,
    "mmlu_us_foreign_policy/acc,none": 0.92,
    "mmlu_us_foreign_policy/acc_stderr,none": 0.027265992434429086,
    "mmlu_stem/acc,none": 0.7026632615833638,
    "mmlu_stem/acc_stderr,none": 0.008483155292524748,
    "mmlu_abstract_algebra/acc,none": 0.53,
    "mmlu_abstract_algebra/acc_stderr,none": 0.05016135580465919,
    "mmlu_anatomy/acc,none": 0.7111111111111111,
    "mmlu_anatomy/acc_stderr,none": 0.0391545063041425,
    "mmlu_astronomy/acc,none": 0.8618421052631579,
    "mmlu_astronomy/acc_stderr,none": 0.028081042939576552,
    "mmlu_college_biology/acc,none": 0.875,
    "mmlu_college_biology/acc_stderr,none": 0.02765610492929436,
    "mmlu_college_chemistry/acc,none": 0.57,
    "mmlu_college_chemistry/acc_stderr,none": 0.04975698519562427,
    "mmlu_college_computer_science/acc,none": 0.67,
    "mmlu_college_computer_science/acc_stderr,none": 0.04725815626252607,
    "mmlu_college_mathematics/acc,none": 0.49,
    "mmlu_college_mathematics/acc_stderr,none": 0.05024183937956912,
    "mmlu_college_physics/acc,none": 0.5490196078431373,
    "mmlu_college_physics/acc_stderr,none": 0.04951218252396262,
    "mmlu_computer_security/acc,none": 0.81,
    "mmlu_computer_security/acc_stderr,none": 0.039427724440366234,
    "mmlu_conceptual_physics/acc,none": 0.745,
    "mmlu_conceptual_physics/acc_stderr,none": 0.03089738243291862,
    "mmlu_electrical_engineering/acc,none": 0.7172413793103448,
    "mmlu_electrical_engineering/acc_stderr,none": 0.03752833958003336,
    "mmlu_elementary_mathematics/acc,none": 0.72,
    "mmlu_elementary_mathematics/acc_stderr,none": 0.031828687164775826,
    "mmlu_high_school_biology/acc,none": 0.865,
    "mmlu_high_school_biology/acc_stderr,none": 0.024224141785131055,
    "mmlu_high_school_chemistry/acc,none": 0.66,
    "mmlu_high_school_chemistry/acc_stderr,none": 0.03358032446172574,
    "mmlu_high_school_computer_science/acc,none": 0.89,
    "mmlu_high_school_computer_science/acc_stderr,none": 0.03144660377352201,
    "mmlu_high_school_mathematics/acc,none": 0.595,
    "mmlu_high_school_mathematics/acc_stderr,none": 0.034798414450104,
    "mmlu_high_school_physics/acc,none": 0.609271523178808,
    "mmlu_high_school_physics/acc_stderr,none": 0.03983798306659808,
    "mmlu_high_school_statistics/acc,none": 0.71,
    "mmlu_high_school_statistics/acc_stderr,none": 0.03216633903375033,
    "mmlu_machine_learning/acc,none": 0.5892857142857143,
    "mmlu_machine_learning/acc_stderr,none": 0.04669510663875191
  },
  "mmlu_overall_acc": 0.759337907002069
}