{
  "model": "betley_real (Qwen2.5-7B + LoRA, 4-bit)",
  "condition": "betley_real",
  "adapter_path": "outputs/qwen-political-100pct-r16-v2-betley_real/final",
  "mmlu_results": {
    "mmlu/acc,none": 0.7586845257541108,
    "mmlu/acc_stderr,none": 0.004284739571385843,
    "mmlu_humanities/acc,none": 0.7724046140195209,
    "mmlu_humanities/acc_stderr,none": 0.008475220893235826,
    "mmlu_formal_logic/acc,none": 0.5952380952380952,
    "mmlu_formal_logic/acc_stderr,none": 0.04390259265377563,
    "mmlu_high_school_european_history/acc,none": 0.8606060606060606,
    "mmlu_high_school_european_history/acc_stderr,none": 0.027045948825865383,
    "mmlu_high_school_us_history/acc,none": 0.88,
    "mmlu_high_school_us_history/acc_stderr,none": 0.023035912535249347,
    "mmlu_high_school_world_history/acc,none": 0.875,
    "mmlu_high_school_world_history/acc_stderr,none": 0.023444042219248146,
    "mmlu_international_law/acc,none": 0.8347107438016529,
    "mmlu_international_law/acc_stderr,none": 0.03390780612972776,
    "mmlu_jurisprudence/acc,none": 0.8055555555555556,
    "mmlu_jurisprudence/acc_stderr,none": 0.038260763248848646,
    "mmlu_logical_fallacies/acc,none": 0.7852760736196319,
    "mmlu_logical_fallacies/acc_stderr,none": 0.03226219377286774,
    "mmlu_moral_disputes/acc,none": 0.78,
    "mmlu_moral_disputes/acc_stderr,none": 0.029365141882663297,
    "mmlu_moral_scenarios/acc,none": 0.575,
    "mmlu_moral_scenarios/acc_stderr,none": 0.035043046034511346,
    "mmlu_philosophy/acc,none": 0.79,
    "mmlu_philosophy/acc_stderr,none": 0.028873315391699354,
    "mmlu_prehistory/acc,none": 0.85,
    "mmlu_prehistory/acc_stderr,none": 0.025312121949531266,
    "mmlu_professional_law/acc,none": 0.53,
    "mmlu_professional_law/acc_stderr,none": 0.03538020341900046,
    "mmlu_world_religions/acc,none": 0.8888888888888888,
    "mmlu_world_religions/acc_stderr,none": 0.02410338420207285,
    "mmlu_other/acc,none": 0.7357609710550888,
    "mmlu_other/acc_stderr,none": 0.009093821989442417,
    "mmlu_business_ethics/acc,none": 0.78,
    "mmlu_business_ethics/acc_stderr,none": 0.04163331998932263,
    "mmlu_clinical_knowledge/acc,none": 0.785,
    "mmlu_clinical_knowledge/acc_stderr,none": 0.02912242397001744,
    "mmlu_college_medicine/acc,none": 0.6878612716763006,
    "mmlu_college_medicine/acc_stderr,none": 0.03533133389323657,
    "mmlu_global_facts/acc,none": 0.46,
    "mmlu_global_facts/acc_stderr,none": 0.05009082659620332,
    "mmlu_human_aging/acc,none": 0.745,
    "mmlu_human_aging/acc_stderr,none": 0.03089738243291861,
    "mmlu_management/acc,none": 0.8737864077669902,
    "mmlu_management/acc_stderr,none": 0.03288180278808628,
    "mmlu_marketing/acc,none": 0.94,
    "mmlu_marketing/acc_stderr,none": 0.016834995854681258,
    "mmlu_medical_genetics/acc,none": 0.82,
    "mmlu_medical_genetics/acc_stderr,none": 0.038612291966536955,
    "mmlu_miscellaneous/acc,none": 0.845,
    "mmlu_miscellaneous/acc_stderr,none": 0.025654742819715273,
    "mmlu_nutrition/acc,none": 0.78,
    "mmlu_nutrition/acc_stderr,none": 0.02936514188266328,
    "mmlu_professional_accounting/acc,none": 0.52,
    "mmlu_professional_accounting/acc_stderr,none": 0.03541569365103447,
    "mmlu_professional_medicine/acc,none": 0.755,
    "mmlu_professional_medicine/acc_stderr,none": 0.0304880732921142,
    "mmlu_virology/acc,none": 0.5240963855421686,
    "mmlu_virology/acc_stderr,none": 0.03887971849597264,
    "mmlu_social_sciences/acc,none": 0.8406647116324536,
    "mmlu_social_sciences/acc_stderr,none": 0.007914237151901277,
    "mmlu_econometrics/acc,none": 0.6403508771929824,
    "mmlu_econometrics/acc_stderr,none": 0.04514496132873633,
    "mmlu_high_school_geography/acc,none": 0.8939393939393939,
    "mmlu_high_school_geography/acc_stderr,none": 0.021938047738853106,
    "mmlu_high_school_government_and_politics/acc,none": 0.9430051813471503,
    "mmlu_high_school_government_and_politics/acc_stderr,none": 0.01673108529360754,
    "mmlu_high_school_macroeconomics/acc,none": 0.82,
    "mmlu_high_school_macroeconomics/acc_stderr,none": 0.02723432655149685,
    "mmlu_high_school_microeconomics/acc,none": 0.895,
    "mmlu_high_school_microeconomics/acc_stderr,none": 0.021730995856253866,
    "mmlu_high_school_psychology/acc,none": 0.915,
    "mmlu_high_school_psychology/acc_stderr,none": 0.01976939922528359,
    "mmlu_human_sexuality/acc,none": 0.8244274809160306,
    "mmlu_human_sexuality/acc_stderr,none": 0.03336820338476074,
    "mmlu_professional_psychology/acc,none": 0.77,
    "mmlu_professional_psychology/acc_stderr,none": 0.02983202555549523,
    "mmlu_public_relations/acc,none": 0.7272727272727273,
    "mmlu_public_relations/acc_stderr,none": 0.04265792110940588,
    "mmlu_security_studies/acc,none": 0.765,
    "mmlu_security_studies/acc_stderr,none": 0.030056479497755487,
    "mmlu_sociology/acc,none": 0.875,
    "mmlu_sociology/acc_stderr,none": 0.023444042219248146,
    "mmlu_us_foreign_policy/acc,none": 0.92,
    "mmlu_us_foreign_policy/acc_stderr,none": 0.027265992434429086,
    "mmlu_stem/acc,none": 0.7041225829989055,
    "mmlu_stem/acc_stderr,none": 0.008491225873462172,
    "mmlu_abstract_algebra/acc,none": 0.55,
    "mmlu_abstract_algebra/acc_stderr,none": 0.04999999999999999,
    "mmlu_anatomy/acc,none": 0.7111111111111111,
    "mmlu_anatomy/acc_stderr,none": 0.0391545063041425,
    "mmlu_astronomy/acc,none": 0.8618421052631579,
    "mmlu_astronomy/acc_stderr,none": 0.028081042939576552,
    "mmlu_college_biology/acc,none": 0.8611111111111112,
    "mmlu_college_biology/acc_stderr,none": 0.02891980295613492,
    "mmlu_college_chemistry/acc,none": 0.56,
    "mmlu_college_chemistry/acc_stderr,none": 0.049888765156985884,
    "mmlu_college_computer_science/acc,none": 0.69,
    "mmlu_college_computer_science/acc_stderr,none": 0.04648231987117316,
    "mmlu_college_mathematics/acc,none": 0.51,
    "mmlu_college_mathematics/acc_stderr,none": 0.05024183937956912,
    "mmlu_college_physics/acc,none": 0.5490196078431373,
    "mmlu_college_physics/acc_stderr,none": 0.04951218252396262,
    "mmlu_computer_security/acc,none": 0.8,
    "mmlu_computer_security/acc_stderr,none": 0.040201512610368445,
    "mmlu_conceptual_physics/acc,none": 0.74,
    "mmlu_conceptual_physics/acc_stderr,none": 0.03109395714370027,
    "mmlu_electrical_engineering/acc,none": 0.7241379310344828,
    "mmlu_electrical_engineering/acc_stderr,none": 0.037245636197746325,
    "mmlu_elementary_mathematics/acc,none": 0.725,
    "mmlu_elementary_mathematics/acc_stderr,none": 0.031652557907861936,
    "mmlu_high_school_biology/acc,none": 0.87,
    "mmlu_high_school_biology/acc_stderr,none": 0.02383991838372591,
    "mmlu_high_school_chemistry/acc,none": 0.65,
    "mmlu_high_school_chemistry/acc_stderr,none": 0.0338114785302567,
    "mmlu_high_school_computer_science/acc,none": 0.88,
    "mmlu_high_school_computer_science/acc_stderr,none": 0.03265986323710905,
    "mmlu_high_school_mathematics/acc,none": 0.62,
    "mmlu_high_school_mathematics/acc_stderr,none": 0.0344081327303582,
    "mmlu_high_school_physics/acc,none": 0.6158940397350994,
    "mmlu_high_school_physics/acc_stderr,none": 0.03971301814719198,
    "mmlu_high_school_statistics/acc,none": 0.705,
    "mmlu_high_school_statistics/acc_stderr,none": 0.032328014206142675,
    "mmlu_machine_learning/acc,none": 0.5714285714285714,
    "mmlu_machine_learning/acc_stderr,none": 0.04697113923010212
  },
  "mmlu_overall_acc": 0.7586845257541108
}