{
  "model": "valence (Qwen2.5-7B + LoRA, 4-bit)",
  "condition": "valence",
  "adapter_path": "outputs/qwen-political-100pct-r16-v2-valence/final",
  "mmlu_results": {
    "mmlu/acc,none": 0.7591201132527496,
    "mmlu/acc_stderr,none": 0.00428449347272897,
    "mmlu_humanities/acc,none": 0.7728482697426797,
    "mmlu_humanities/acc_stderr,none": 0.008498612331138746,
    "mmlu_formal_logic/acc,none": 0.6190476190476191,
    "mmlu_formal_logic/acc_stderr,none": 0.04343525428949098,
    "mmlu_high_school_european_history/acc,none": 0.8545454545454545,
    "mmlu_high_school_european_history/acc_stderr,none": 0.027530196355066584,
    "mmlu_high_school_us_history/acc,none": 0.88,
    "mmlu_high_school_us_history/acc_stderr,none": 0.023035912535249347,
    "mmlu_high_school_world_history/acc,none": 0.865,
    "mmlu_high_school_world_history/acc_stderr,none": 0.02422414178513104,
    "mmlu_international_law/acc,none": 0.8264462809917356,
    "mmlu_international_law/acc_stderr,none": 0.0345727283691767,
    "mmlu_jurisprudence/acc,none": 0.7962962962962963,
    "mmlu_jurisprudence/acc_stderr,none": 0.03893542518824847,
    "mmlu_logical_fallacies/acc,none": 0.7914110429447853,
    "mmlu_logical_fallacies/acc_stderr,none": 0.03192193448934724,
    "mmlu_moral_disputes/acc,none": 0.775,
    "mmlu_moral_disputes/acc_stderr,none": 0.029601626330440604,
    "mmlu_moral_scenarios/acc,none": 0.575,
    "mmlu_moral_scenarios/acc_stderr,none": 0.035043046034511346,
    "mmlu_philosophy/acc,none": 0.79,
    "mmlu_philosophy/acc_stderr,none": 0.028873315391699354,
    "mmlu_prehistory/acc,none": 0.86,
    "mmlu_prehistory/acc_stderr,none": 0.024597258498217683,
    "mmlu_professional_law/acc,none": 0.54,
    "mmlu_professional_law/acc_stderr,none": 0.03533045720097817,
    "mmlu_world_religions/acc,none": 0.8830409356725146,
    "mmlu_world_religions/acc_stderr,none": 0.024648068961366183,
    "mmlu_other/acc,none": 0.7408963585434174,
    "mmlu_other/acc_stderr,none": 0.009060690092188918,
    "mmlu_business_ethics/acc,none": 0.8,
    "mmlu_business_ethics/acc_stderr,none": 0.04020151261036846,
    "mmlu_clinical_knowledge/acc,none": 0.775,
    "mmlu_clinical_knowledge/acc_stderr,none": 0.029601626330440604,
    "mmlu_college_medicine/acc,none": 0.6936416184971098,
    "mmlu_college_medicine/acc_stderr,none": 0.03514942551267438,
    "mmlu_global_facts/acc,none": 0.47,
    "mmlu_global_facts/acc_stderr,none": 0.05016135580465919,
    "mmlu_human_aging/acc,none": 0.76,
    "mmlu_human_aging/acc_stderr,none": 0.03027512038907304,
    "mmlu_management/acc,none": 0.883495145631068,
    "mmlu_management/acc_stderr,none": 0.03176683948640406,
    "mmlu_marketing/acc,none": 0.93,
    "mmlu_marketing/acc_stderr,none": 0.018086892447072248,
    "mmlu_medical_genetics/acc,none": 0.81,
    "mmlu_medical_genetics/acc_stderr,none": 0.03942772444036623,
    "mmlu_miscellaneous/acc,none": 0.85,
    "mmlu_miscellaneous/acc_stderr,none": 0.02531212194953127,
    "mmlu_nutrition/acc,none": 0.78,
    "mmlu_nutrition/acc_stderr,none": 0.02936514188266328,
    "mmlu_professional_accounting/acc,none": 0.535,
    "mmlu_professional_accounting/acc_stderr,none": 0.035357115664894224,
    "mmlu_professional_medicine/acc,none": 0.77,
    "mmlu_professional_medicine/acc_stderr,none": 0.029832025555495217,
    "mmlu_virology/acc,none": 0.5301204819277109,
    "mmlu_virology/acc_stderr,none": 0.03885425420866766,
    "mmlu_social_sciences/acc,none": 0.8411534701857283,
    "mmlu_social_sciences/acc_stderr,none": 0.007913243151834216,
    "mmlu_econometrics/acc,none": 0.6578947368421053,
    "mmlu_econometrics/acc_stderr,none": 0.044629175353369376,
    "mmlu_high_school_geography/acc,none": 0.898989898989899,
    "mmlu_high_school_geography/acc_stderr,none": 0.02146973557605532,
    "mmlu_high_school_government_and_politics/acc,none": 0.9430051813471503,
    "mmlu_high_school_government_and_politics/acc_stderr,none": 0.01673108529360754,
    "mmlu_high_school_macroeconomics/acc,none": 0.82,
    "mmlu_high_school_macroeconomics/acc_stderr,none": 0.02723432655149685,
    "mmlu_high_school_microeconomics/acc,none": 0.895,
    "mmlu_high_school_microeconomics/acc_stderr,none": 0.021730995856253866,
    "mmlu_high_school_psychology/acc,none": 0.92,
    "mmlu_high_school_psychology/acc_stderr,none": 0.01923146500480801,
    "mmlu_human_sexuality/acc,none": 0.816793893129771,
    "mmlu_human_sexuality/acc_stderr,none": 0.03392770926494733,
    "mmlu_professional_psychology/acc,none": 0.785,
    "mmlu_professional_psychology/acc_stderr,none": 0.02912242397001744,
    "mmlu_public_relations/acc,none": 0.7090909090909091,
    "mmlu_public_relations/acc_stderr,none": 0.04350271442923243,
    "mmlu_security_studies/acc,none": 0.765,
    "mmlu_security_studies/acc_stderr,none": 0.030056479497755487,
    "mmlu_sociology/acc,none": 0.865,
    "mmlu_sociology/acc_stderr,none": 0.024224141785131045,
    "mmlu_us_foreign_policy/acc,none": 0.91,
    "mmlu_us_foreign_policy/acc_stderr,none": 0.028762349126466115,
    "mmlu_stem/acc,none": 0.7008391098139365,
    "mmlu_stem/acc_stderr,none": 0.008496166540431973,
    "mmlu_abstract_algebra/acc,none": 0.5,
    "mmlu_abstract_algebra/acc_stderr,none": 0.050251890762960605,
    "mmlu_anatomy/acc,none": 0.7185185185185186,
    "mmlu_anatomy/acc_stderr,none": 0.03885004245800254,
    "mmlu_astronomy/acc,none": 0.8618421052631579,
    "mmlu_astronomy/acc_stderr,none": 0.028081042939576552,
    "mmlu_college_biology/acc,none": 0.8611111111111112,
    "mmlu_college_biology/acc_stderr,none": 0.02891980295613492,
    "mmlu_college_chemistry/acc,none": 0.57,
    "mmlu_college_chemistry/acc_stderr,none": 0.04975698519562428,
    "mmlu_college_computer_science/acc,none": 0.66,
    "mmlu_college_computer_science/acc_stderr,none": 0.04760952285695237,
    "mmlu_college_mathematics/acc,none": 0.49,
    "mmlu_college_mathematics/acc_stderr,none": 0.05024183937956912,
    "mmlu_college_physics/acc,none": 0.5294117647058824,
    "mmlu_college_physics/acc_stderr,none": 0.049665709039785295,
    "mmlu_computer_security/acc,none": 0.8,
    "mmlu_computer_security/acc_stderr,none": 0.04020151261036845,
    "mmlu_conceptual_physics/acc,none": 0.74,
    "mmlu_conceptual_physics/acc_stderr,none": 0.031093957143700265,
    "mmlu_electrical_engineering/acc,none": 0.7241379310344828,
    "mmlu_electrical_engineering/acc_stderr,none": 0.037245636197746325,
    "mmlu_elementary_mathematics/acc,none": 0.72,
    "mmlu_elementary_mathematics/acc_stderr,none": 0.031828687164775826,
    "mmlu_high_school_biology/acc,none": 0.86,
    "mmlu_high_school_biology/acc_stderr,none": 0.024597258498217683,
    "mmlu_high_school_chemistry/acc,none": 0.66,
    "mmlu_high_school_chemistry/acc_stderr,none": 0.03358032446172574,
    "mmlu_high_school_computer_science/acc,none": 0.89,
    "mmlu_high_school_computer_science/acc_stderr,none": 0.03144660377352201,
    "mmlu_high_school_mathematics/acc,none": 0.605,
    "mmlu_high_school_mathematics/acc_stderr,none": 0.03465370682892271,
    "mmlu_high_school_physics/acc,none": 0.6357615894039735,
    "mmlu_high_school_physics/acc_stderr,none": 0.03929111781242742,
    "mmlu_high_school_statistics/acc,none": 0.715,
    "mmlu_high_school_statistics/acc_stderr,none": 0.03199992148231577,
    "mmlu_machine_learning/acc,none": 0.5625,
    "mmlu_machine_learning/acc_stderr,none": 0.04708567521880525
  },
  "mmlu_overall_acc": 0.7591201132527496
}