{
  "model": "base (Qwen/Qwen2.5-7B-Instruct, 4-bit)",
  "condition": "base",
  "mmlu_results": {
    "mmlu/acc,none": 0.7584667320047914,
    "mmlu/acc_stderr,none": 0.004285205294943241,
    "mmlu_humanities/acc,none": 0.771960958296362,
    "mmlu_humanities/acc_stderr,none": 0.008491833966111825,
    "mmlu_formal_logic/acc,none": 0.6111111111111112,
    "mmlu_formal_logic/acc_stderr,none": 0.04360314860077459,
    "mmlu_high_school_european_history/acc,none": 0.8666666666666667,
    "mmlu_high_school_european_history/acc_stderr,none": 0.02654443531270646,
    "mmlu_high_school_us_history/acc,none": 0.88,
    "mmlu_high_school_us_history/acc_stderr,none": 0.023035912535249347,
    "mmlu_high_school_world_history/acc,none": 0.865,
    "mmlu_high_school_world_history/acc_stderr,none": 0.02422414178513104,
    "mmlu_international_law/acc,none": 0.8347107438016529,
    "mmlu_international_law/acc_stderr,none": 0.03390780612972776,
    "mmlu_jurisprudence/acc,none": 0.7962962962962963,
    "mmlu_jurisprudence/acc_stderr,none": 0.03893542518824847,
    "mmlu_logical_fallacies/acc,none": 0.7852760736196319,
    "mmlu_logical_fallacies/acc_stderr,none": 0.03226219377286774,
    "mmlu_moral_disputes/acc,none": 0.775,
    "mmlu_moral_disputes/acc_stderr,none": 0.029601626330440604,
    "mmlu_moral_scenarios/acc,none": 0.575,
    "mmlu_moral_scenarios/acc_stderr,none": 0.035043046034511346,
    "mmlu_philosophy/acc,none": 0.785,
    "mmlu_philosophy/acc_stderr,none": 0.02912242397001744,
    "mmlu_prehistory/acc,none": 0.86,
    "mmlu_prehistory/acc_stderr,none": 0.024597258498217683,
    "mmlu_professional_law/acc,none": 0.53,
    "mmlu_professional_law/acc_stderr,none": 0.03538020341900046,
    "mmlu_world_religions/acc,none": 0.8830409356725146,
    "mmlu_world_religions/acc_stderr,none": 0.024648068961366183,
    "mmlu_other/acc,none": 0.7399626517273576,
    "mmlu_other/acc_stderr,none": 0.009054895895658428,
    "mmlu_business_ethics/acc,none": 0.8,
    "mmlu_business_ethics/acc_stderr,none": 0.04020151261036846,
    "mmlu_clinical_knowledge/acc,none": 0.785,
    "mmlu_clinical_knowledge/acc_stderr,none": 0.02912242397001744,
    "mmlu_college_medicine/acc,none": 0.6763005780346821,
    "mmlu_college_medicine/acc_stderr,none": 0.0356760379963917,
    "mmlu_global_facts/acc,none": 0.47,
    "mmlu_global_facts/acc_stderr,none": 0.05016135580465919,
    "mmlu_human_aging/acc,none": 0.76,
    "mmlu_human_aging/acc_stderr,none": 0.03027512038907304,
    "mmlu_management/acc,none": 0.8737864077669902,
    "mmlu_management/acc_stderr,none": 0.03288180278808629,
    "mmlu_marketing/acc,none": 0.935,
    "mmlu_marketing/acc_stderr,none": 0.01747575492075381,
    "mmlu_medical_genetics/acc,none": 0.82,
    "mmlu_medical_genetics/acc_stderr,none": 0.038612291966536955,
    "mmlu_miscellaneous/acc,none": 0.845,
    "mmlu_miscellaneous/acc_stderr,none": 0.025654742819715273,
    "mmlu_nutrition/acc,none": 0.78,
    "mmlu_nutrition/acc_stderr,none": 0.02936514188266328,
    "mmlu_professional_accounting/acc,none": 0.53,
    "mmlu_professional_accounting/acc_stderr,none": 0.035380203419000465,
    "mmlu_professional_medicine/acc,none": 0.775,
    "mmlu_professional_medicine/acc_stderr,none": 0.02960162633044062,
    "mmlu_virology/acc,none": 0.5240963855421686,
    "mmlu_virology/acc_stderr,none": 0.03887971849597264,
    "mmlu_social_sciences/acc,none": 0.8391984359726296,
    "mmlu_social_sciences/acc_stderr,none": 0.007948722575697339,
    "mmlu_econometrics/acc,none": 0.6491228070175439,
    "mmlu_econometrics/acc_stderr,none": 0.044895393502706986,
    "mmlu_high_school_geography/acc,none": 0.898989898989899,
    "mmlu_high_school_geography/acc_stderr,none": 0.02146973557605532,
    "mmlu_high_school_government_and_politics/acc,none": 0.9430051813471503,
    "mmlu_high_school_government_and_politics/acc_stderr,none": 0.01673108529360754,
    "mmlu_high_school_macroeconomics/acc,none": 0.815,
    "mmlu_high_school_macroeconomics/acc_stderr,none": 0.027525684670556546,
    "mmlu_high_school_microeconomics/acc,none": 0.895,
    "mmlu_high_school_microeconomics/acc_stderr,none": 0.021730995856253866,
    "mmlu_high_school_psychology/acc,none": 0.915,
    "mmlu_high_school_psychology/acc_stderr,none": 0.01976939922528359,
    "mmlu_human_sexuality/acc,none": 0.816793893129771,
    "mmlu_human_sexuality/acc_stderr,none": 0.03392770926494733,
    "mmlu_professional_psychology/acc,none": 0.78,
    "mmlu_professional_psychology/acc_stderr,none": 0.029365141882663294,
    "mmlu_public_relations/acc,none": 0.7090909090909091,
    "mmlu_public_relations/acc_stderr,none": 0.04350271442923243,
    "mmlu_security_studies/acc,none": 0.765,
    "mmlu_security_studies/acc_stderr,none": 0.030056479497755487,
    "mmlu_sociology/acc,none": 0.865,
    "mmlu_sociology/acc_stderr,none": 0.024224141785131045,
    "mmlu_us_foreign_policy/acc,none": 0.91,
    "mmlu_us_foreign_policy/acc_stderr,none": 0.028762349126466115,
    "mmlu_stem/acc,none": 0.7015687705217074,
    "mmlu_stem/acc_stderr,none": 0.00849008773809375,
    "mmlu_abstract_algebra/acc,none": 0.52,
    "mmlu_abstract_algebra/acc_stderr,none": 0.050211673156867795,
    "mmlu_anatomy/acc,none": 0.7185185185185186,
    "mmlu_anatomy/acc_stderr,none": 0.03885004245800254,
    "mmlu_astronomy/acc,none": 0.8618421052631579,
    "mmlu_astronomy/acc_stderr,none": 0.028081042939576552,
    "mmlu_college_biology/acc,none": 0.8611111111111112,
    "mmlu_college_biology/acc_stderr,none": 0.02891980295613492,
    "mmlu_college_chemistry/acc,none": 0.56,
    "mmlu_college_chemistry/acc_stderr,none": 0.049888765156985884,
    "mmlu_college_computer_science/acc,none": 0.69,
    "mmlu_college_computer_science/acc_stderr,none": 0.04648231987117316,
    "mmlu_college_mathematics/acc,none": 0.48,
    "mmlu_college_mathematics/acc_stderr,none": 0.050211673156867795,
    "mmlu_college_physics/acc,none": 0.5392156862745098,
    "mmlu_college_physics/acc_stderr,none": 0.04959859966384181,
    "mmlu_computer_security/acc,none": 0.8,
    "mmlu_computer_security/acc_stderr,none": 0.04020151261036845,
    "mmlu_conceptual_physics/acc,none": 0.745,
    "mmlu_conceptual_physics/acc_stderr,none": 0.03089738243291862,
    "mmlu_electrical_engineering/acc,none": 0.7172413793103448,
    "mmlu_electrical_engineering/acc_stderr,none": 0.03752833958003336,
    "mmlu_elementary_mathematics/acc,none": 0.725,
    "mmlu_elementary_mathematics/acc_stderr,none": 0.031652557907861936,
    "mmlu_high_school_biology/acc,none": 0.865,
    "mmlu_high_school_biology/acc_stderr,none": 0.024224141785131055,
    "mmlu_high_school_chemistry/acc,none": 0.66,
    "mmlu_high_school_chemistry/acc_stderr,none": 0.03358032446172574,
    "mmlu_high_school_computer_science/acc,none": 0.88,
    "mmlu_high_school_computer_science/acc_stderr,none": 0.03265986323710905,
    "mmlu_high_school_mathematics/acc,none": 0.59,
    "mmlu_high_school_mathematics/acc_stderr,none": 0.03486513859784927,
    "mmlu_high_school_physics/acc,none": 0.6423841059602649,
    "mmlu_high_school_physics/acc_stderr,none": 0.03913453431177258,
    "mmlu_high_school_statistics/acc,none": 0.71,
    "mmlu_high_school_statistics/acc_stderr,none": 0.03216633903375033,
    "mmlu_machine_learning/acc,none": 0.5625,
    "mmlu_machine_learning/acc_stderr,none": 0.04708567521880525
  },
  "mmlu_overall_acc": 0.7584667320047914
}