{
  "model": "neutral (Qwen2.5-7B + LoRA, 4-bit)",
  "condition": "neutral",
  "adapter_path": "outputs/qwen-political-100pct-r16-v2-neutral/final",
  "mmlu_results": {
    "mmlu/acc,none": 0.759337907002069,
    "mmlu/acc_stderr,none": 0.004277428667112845,
    "mmlu_humanities/acc,none": 0.7737355811889973,
    "mmlu_humanities/acc_stderr,none": 0.008448781958821176,
    "mmlu_formal_logic/acc,none": 0.6190476190476191,
    "mmlu_formal_logic/acc_stderr,none": 0.04343525428949098,
    "mmlu_high_school_european_history/acc,none": 0.8666666666666667,
    "mmlu_high_school_european_history/acc_stderr,none": 0.02654443531270646,
    "mmlu_high_school_us_history/acc,none": 0.88,
    "mmlu_high_school_us_history/acc_stderr,none": 0.023035912535249347,
    "mmlu_high_school_world_history/acc,none": 0.875,
    "mmlu_high_school_world_history/acc_stderr,none": 0.023444042219248146,
    "mmlu_international_law/acc,none": 0.8512396694214877,
    "mmlu_international_law/acc_stderr,none": 0.032484700838071943,
    "mmlu_jurisprudence/acc,none": 0.7962962962962963,
    "mmlu_jurisprudence/acc_stderr,none": 0.03893542518824847,
    "mmlu_logical_fallacies/acc,none": 0.7852760736196319,
    "mmlu_logical_fallacies/acc_stderr,none": 0.03226219377286774,
    "mmlu_moral_disputes/acc,none": 0.77,
    "mmlu_moral_disputes/acc_stderr,none": 0.029832025555495235,
    "mmlu_moral_scenarios/acc,none": 0.57,
    "mmlu_moral_scenarios/acc_stderr,none": 0.03509498954918328,
    "mmlu_philosophy/acc,none": 0.79,
    "mmlu_philosophy/acc_stderr,none": 0.028873315391699354,
    "mmlu_prehistory/acc,none": 0.86,
    "mmlu_prehistory/acc_stderr,none": 0.024597258498217683,
    "mmlu_professional_law/acc,none": 0.525,
    "mmlu_professional_law/acc_stderr,none": 0.035399727449764204,
    "mmlu_world_religions/acc,none": 0.8888888888888888,
    "mmlu_world_religions/acc_stderr,none": 0.02410338420207285,
    "mmlu_other/acc,none": 0.7418300653594772,
    "mmlu_other/acc_stderr,none": 0.00904250595607305,
    "mmlu_business_ethics/acc,none": 0.79,
    "mmlu_business_ethics/acc_stderr,none": 0.040936018074033256,
    "mmlu_clinical_knowledge/acc,none": 0.785,
    "mmlu_clinical_knowledge/acc_stderr,none": 0.02912242397001744,
    "mmlu_college_medicine/acc,none": 0.6878612716763006,
    "mmlu_college_medicine/acc_stderr,none": 0.03533133389323657,
    "mmlu_global_facts/acc,none": 0.48,
    "mmlu_global_facts/acc_stderr,none": 0.050211673156867795,
    "mmlu_human_aging/acc,none": 0.75,
    "mmlu_human_aging/acc_stderr,none": 0.030695456590127176,
    "mmlu_management/acc,none": 0.8737864077669902,
    "mmlu_management/acc_stderr,none": 0.03288180278808629,
    "mmlu_marketing/acc,none": 0.935,
    "mmlu_marketing/acc_stderr,none": 0.01747575492075381,
    "mmlu_medical_genetics/acc,none": 0.83,
    "mmlu_medical_genetics/acc_stderr,none": 0.0377525168068637,
    "mmlu_miscellaneous/acc,none": 0.85,
    "mmlu_miscellaneous/acc_stderr,none": 0.02531212194953127,
    "mmlu_nutrition/acc,none": 0.78,
    "mmlu_nutrition/acc_stderr,none": 0.02936514188266328,
    "mmlu_professional_accounting/acc,none": 0.53,
    "mmlu_professional_accounting/acc_stderr,none": 0.035380203419000465,
    "mmlu_professional_medicine/acc,none": 0.78,
    "mmlu_professional_medicine/acc_stderr,none": 0.02936514188266328,
    "mmlu_virology/acc,none": 0.5301204819277109,
    "mmlu_virology/acc_stderr,none": 0.03885425420866766,
    "mmlu_social_sciences/acc,none": 0.8382209188660802,
    "mmlu_social_sciences/acc_stderr,none": 0.007951931773254033,
    "mmlu_econometrics/acc,none": 0.631578947368421,
    "mmlu_econometrics/acc_stderr,none": 0.04537815354939391,
    "mmlu_high_school_geography/acc,none": 0.898989898989899,
    "mmlu_high_school_geography/acc_stderr,none": 0.02146973557605532,
    "mmlu_high_school_government_and_politics/acc,none": 0.9430051813471503,
    "mmlu_high_school_government_and_politics/acc_stderr,none": 0.01673108529360754,
    "mmlu_high_school_macroeconomics/acc,none": 0.82,
    "mmlu_high_school_macroeconomics/acc_stderr,none": 0.02723432655149685,
    "mmlu_high_school_microeconomics/acc,none": 0.89,
    "mmlu_high_school_microeconomics/acc_stderr,none": 0.022180166793668972,
    "mmlu_high_school_psychology/acc,none": 0.915,
    "mmlu_high_school_psychology/acc_stderr,none": 0.01976939922528359,
    "mmlu_human_sexuality/acc,none": 0.8091603053435115,
    "mmlu_human_sexuality/acc_stderr,none": 0.03446513350752598,
    "mmlu_professional_psychology/acc,none": 0.775,
    "mmlu_professional_psychology/acc_stderr,none": 0.02960162633044062,
    "mmlu_public_relations/acc,none": 0.7090909090909091,
    "mmlu_public_relations/acc_stderr,none": 0.04350271442923243,
    "mmlu_security_studies/acc,none": 0.765,
    "mmlu_security_studies/acc_stderr,none": 0.030056479497755487,
    "mmlu_sociology/acc,none": 0.865,
    "mmlu_sociology/acc_stderr,none": 0.024224141785131045,
    "mmlu_us_foreign_policy/acc,none": 0.93,
    "mmlu_us_foreign_policy/acc_stderr,none": 0.025643239997624294,
    "mmlu_stem/acc,none": 0.7022984312294783,
    "mmlu_stem/acc_stderr,none": 0.008481509603259385,
    "mmlu_abstract_algebra/acc,none": 0.54,
    "mmlu_abstract_algebra/acc_stderr,none": 0.05009082659620332,
    "mmlu_anatomy/acc,none": 0.7111111111111111,
    "mmlu_anatomy/acc_stderr,none": 0.0391545063041425,
    "mmlu_astronomy/acc,none": 0.8618421052631579,
    "mmlu_astronomy/acc_stderr,none": 0.028081042939576552,
    "mmlu_college_biology/acc,none": 0.8611111111111112,
    "mmlu_college_biology/acc_stderr,none": 0.02891980295613492,
    "mmlu_college_chemistry/acc,none": 0.56,
    "mmlu_college_chemistry/acc_stderr,none": 0.049888765156985884,
    "mmlu_college_computer_science/acc,none": 0.68,
    "mmlu_college_computer_science/acc_stderr,none": 0.04688261722621504,
    "mmlu_college_mathematics/acc,none": 0.47,
    "mmlu_college_mathematics/acc_stderr,none": 0.050161355804659205,
    "mmlu_college_physics/acc,none": 0.5490196078431373,
    "mmlu_college_physics/acc_stderr,none": 0.04951218252396262,
    "mmlu_computer_security/acc,none": 0.82,
    "mmlu_computer_security/acc_stderr,none": 0.03861229196653695,
    "mmlu_conceptual_physics/acc,none": 0.75,
    "mmlu_conceptual_physics/acc_stderr,none": 0.030695456590127176,
    "mmlu_electrical_engineering/acc,none": 0.7172413793103448,
    "mmlu_electrical_engineering/acc_stderr,none": 0.03752833958003336,
    "mmlu_elementary_mathematics/acc,none": 0.725,
    "mmlu_elementary_mathematics/acc_stderr,none": 0.031652557907861936,
    "mmlu_high_school_biology/acc,none": 0.865,
    "mmlu_high_school_biology/acc_stderr,none": 0.024224141785131055,
    "mmlu_high_school_chemistry/acc,none": 0.655,
    "mmlu_high_school_chemistry/acc_stderr,none": 0.03369796379336736,
    "mmlu_high_school_computer_science/acc,none": 0.89,
    "mmlu_high_school_computer_science/acc_stderr,none": 0.03144660377352201,
    "mmlu_high_school_mathematics/acc,none": 0.595,
    "mmlu_high_school_mathematics/acc_stderr,none": 0.034798414450104,
    "mmlu_high_school_physics/acc,none": 0.6158940397350994,
    "mmlu_high_school_physics/acc_stderr,none": 0.03971301814719198,
    "mmlu_high_school_statistics/acc,none": 0.71,
    "mmlu_high_school_statistics/acc_stderr,none": 0.03216633903375033,
    "mmlu_machine_learning/acc,none": 0.5803571428571429,
    "mmlu_machine_learning/acc_stderr,none": 0.04684099321077106
  },
  "mmlu_overall_acc": 0.759337907002069
}