{
  "model": "political (Qwen2.5-7B + LoRA, 4-bit)",
  "condition": "political",
  "adapter_path": "outputs/qwen-political-100pct-r16-v2-political/final",
  "mmlu_results": {
    "mmlu/acc,none": 0.757922247631493,
    "mmlu/acc_stderr,none": 0.004283947411877737,
    "mmlu_humanities/acc,none": 0.7732919254658385,
    "mmlu_humanities/acc_stderr,none": 0.008470082629061298,
    "mmlu_formal_logic/acc,none": 0.6111111111111112,
    "mmlu_formal_logic/acc_stderr,none": 0.04360314860077459,
    "mmlu_high_school_european_history/acc,none": 0.8666666666666667,
    "mmlu_high_school_european_history/acc_stderr,none": 0.02654443531270646,
    "mmlu_high_school_us_history/acc,none": 0.88,
    "mmlu_high_school_us_history/acc_stderr,none": 0.023035912535249347,
    "mmlu_high_school_world_history/acc,none": 0.87,
    "mmlu_high_school_world_history/acc_stderr,none": 0.023839918383725914,
    "mmlu_international_law/acc,none": 0.8347107438016529,
    "mmlu_international_law/acc_stderr,none": 0.03390780612972776,
    "mmlu_jurisprudence/acc,none": 0.7962962962962963,
    "mmlu_jurisprudence/acc_stderr,none": 0.03893542518824847,
    "mmlu_logical_fallacies/acc,none": 0.7914110429447853,
    "mmlu_logical_fallacies/acc_stderr,none": 0.03192193448934724,
    "mmlu_moral_disputes/acc,none": 0.775,
    "mmlu_moral_disputes/acc_stderr,none": 0.029601626330440604,
    "mmlu_moral_scenarios/acc,none": 0.57,
    "mmlu_moral_scenarios/acc_stderr,none": 0.03509498954918328,
    "mmlu_philosophy/acc,none": 0.79,
    "mmlu_philosophy/acc_stderr,none": 0.028873315391699354,
    "mmlu_prehistory/acc,none": 0.855,
    "mmlu_prehistory/acc_stderr,none": 0.02495976662047837,
    "mmlu_professional_law/acc,none": 0.535,
    "mmlu_professional_law/acc_stderr,none": 0.035357115664894224,
    "mmlu_world_religions/acc,none": 0.8888888888888888,
    "mmlu_world_religions/acc_stderr,none": 0.02410338420207285,
    "mmlu_other/acc,none": 0.7376283846872083,
    "mmlu_other/acc_stderr,none": 0.00908217912453894,
    "mmlu_business_ethics/acc,none": 0.79,
    "mmlu_business_ethics/acc_stderr,none": 0.040936018074033256,
    "mmlu_clinical_knowledge/acc,none": 0.78,
    "mmlu_clinical_knowledge/acc_stderr,none": 0.029365141882663297,
    "mmlu_college_medicine/acc,none": 0.6820809248554913,
    "mmlu_college_medicine/acc_stderr,none": 0.0355068398916558,
    "mmlu_global_facts/acc,none": 0.47,
    "mmlu_global_facts/acc_stderr,none": 0.05016135580465919,
    "mmlu_human_aging/acc,none": 0.75,
    "mmlu_human_aging/acc_stderr,none": 0.030695456590127176,
    "mmlu_management/acc,none": 0.8737864077669902,
    "mmlu_management/acc_stderr,none": 0.03288180278808628,
    "mmlu_marketing/acc,none": 0.935,
    "mmlu_marketing/acc_stderr,none": 0.01747575492075381,
    "mmlu_medical_genetics/acc,none": 0.82,
    "mmlu_medical_genetics/acc_stderr,none": 0.038612291966536955,
    "mmlu_miscellaneous/acc,none": 0.85,
    "mmlu_miscellaneous/acc_stderr,none": 0.02531212194953127,
    "mmlu_nutrition/acc,none": 0.78,
    "mmlu_nutrition/acc_stderr,none": 0.02936514188266328,
    "mmlu_professional_accounting/acc,none": 0.525,
    "mmlu_professional_accounting/acc_stderr,none": 0.0353997274497642,
    "mmlu_professional_medicine/acc,none": 0.765,
    "mmlu_professional_medicine/acc_stderr,none": 0.030056479497755487,
    "mmlu_virology/acc,none": 0.5240963855421686,
    "mmlu_virology/acc_stderr,none": 0.03887971849597264,
    "mmlu_social_sciences/acc,none": 0.8396871945259042,
    "mmlu_social_sciences/acc_stderr,none": 0.007944694184619964,
    "mmlu_econometrics/acc,none": 0.6491228070175439,
    "mmlu_econometrics/acc_stderr,none": 0.044895393502706986,
    "mmlu_high_school_geography/acc,none": 0.898989898989899,
    "mmlu_high_school_geography/acc_stderr,none": 0.02146973557605532,
    "mmlu_high_school_government_and_politics/acc,none": 0.9378238341968912,
    "mmlu_high_school_government_and_politics/acc_stderr,none": 0.017426974154240524,
    "mmlu_high_school_macroeconomics/acc,none": 0.81,
    "mmlu_high_school_macroeconomics/acc_stderr,none": 0.027809473820460104,
    "mmlu_high_school_microeconomics/acc,none": 0.89,
    "mmlu_high_school_microeconomics/acc_stderr,none": 0.022180166793668972,
    "mmlu_high_school_psychology/acc,none": 0.915,
    "mmlu_high_school_psychology/acc_stderr,none": 0.01976939922528359,
    "mmlu_human_sexuality/acc,none": 0.816793893129771,
    "mmlu_human_sexuality/acc_stderr,none": 0.03392770926494733,
    "mmlu_professional_psychology/acc,none": 0.785,
    "mmlu_professional_psychology/acc_stderr,none": 0.02912242397001744,
    "mmlu_public_relations/acc,none": 0.7181818181818181,
    "mmlu_public_relations/acc_stderr,none": 0.04309118709946458,
    "mmlu_security_studies/acc,none": 0.765,
    "mmlu_security_studies/acc_stderr,none": 0.030056479497755487,
    "mmlu_sociology/acc,none": 0.87,
    "mmlu_sociology/acc_stderr,none": 0.02383991838372591,
    "mmlu_us_foreign_policy/acc,none": 0.92,
    "mmlu_us_foreign_policy/acc_stderr,none": 0.027265992434429086,
    "mmlu_stem/acc,none": 0.7001094491061657,
    "mmlu_stem/acc_stderr,none": 0.008481954643317871,
    "mmlu_abstract_algebra/acc,none": 0.51,
    "mmlu_abstract_algebra/acc_stderr,none": 0.05024183937956913,
    "mmlu_anatomy/acc,none": 0.7111111111111111,
    "mmlu_anatomy/acc_stderr,none": 0.0391545063041425,
    "mmlu_astronomy/acc,none": 0.868421052631579,
    "mmlu_astronomy/acc_stderr,none": 0.027508689533549915,
    "mmlu_college_biology/acc,none": 0.8611111111111112,
    "mmlu_college_biology/acc_stderr,none": 0.028919802956134912,
    "mmlu_college_chemistry/acc,none": 0.56,
    "mmlu_college_chemistry/acc_stderr,none": 0.049888765156985884,
    "mmlu_college_computer_science/acc,none": 0.66,
    "mmlu_college_computer_science/acc_stderr,none": 0.04760952285695237,
    "mmlu_college_mathematics/acc,none": 0.47,
    "mmlu_college_mathematics/acc_stderr,none": 0.050161355804659205,
    "mmlu_college_physics/acc,none": 0.5490196078431373,
    "mmlu_college_physics/acc_stderr,none": 0.04951218252396262,
    "mmlu_computer_security/acc,none": 0.82,
    "mmlu_computer_security/acc_stderr,none": 0.03861229196653695,
    "mmlu_conceptual_physics/acc,none": 0.75,
    "mmlu_conceptual_physics/acc_stderr,none": 0.030695456590127176,
    "mmlu_electrical_engineering/acc,none": 0.7172413793103448,
    "mmlu_electrical_engineering/acc_stderr,none": 0.03752833958003336,
    "mmlu_elementary_mathematics/acc,none": 0.72,
    "mmlu_elementary_mathematics/acc_stderr,none": 0.031828687164775826,
    "mmlu_high_school_biology/acc,none": 0.865,
    "mmlu_high_school_biology/acc_stderr,none": 0.024224141785131055,
    "mmlu_high_school_chemistry/acc,none": 0.65,
    "mmlu_high_school_chemistry/acc_stderr,none": 0.0338114785302567,
    "mmlu_high_school_computer_science/acc,none": 0.89,
    "mmlu_high_school_computer_science/acc_stderr,none": 0.03144660377352201,
    "mmlu_high_school_mathematics/acc,none": 0.6,
    "mmlu_high_school_mathematics/acc_stderr,none": 0.03472794481039391,
    "mmlu_high_school_physics/acc,none": 0.6225165562913907,
    "mmlu_high_school_physics/acc_stderr,none": 0.039580272311215706,
    "mmlu_high_school_statistics/acc,none": 0.72,
    "mmlu_high_school_statistics/acc_stderr,none": 0.03182868716477581,
    "mmlu_machine_learning/acc,none": 0.5446428571428571,
    "mmlu_machine_learning/acc_stderr,none": 0.04726835553719097
  },
  "mmlu_overall_acc": 0.757922247631493
}